{"cameraMode":{"drawMode":0,"name":"Shaded","section":"Shading Mode"},"sceneLighting":true,"audioPlay":false,"sceneViewState":{"m_AlwaysRefresh":false,"showFog":true,"showSkybox":true,"showFlares":true,"showImageEffects":true,"showParticleSystems":true,"showVisualEffectGraphs":true,"m_FxEnabled":true},"in2DMode":false,"pivot":{"x":38.464900970458987,"y":8.133193016052246,"z":7.8585309982299809},"rotation":{"x":-0.17616815865039826,"y":0.6971022486686707,"z":-0.18341203033924104,"w":-0.6705065965652466},"size":0.2337457239627838,"orthographic":false}